PID,start,end
8194,856442,0
8195,856797,0
8196,857252,0
8197,857750,0
8198,858324,0
8199,858691,0
8200,859732,0
8201,860138,0
8202,860467,0
8203,861001,0
8204,862264,0
8205,862517,0
8206,862950,0
8207,863240,0
8208,863479,0
8209,863944,0
8210,864209,0
8211,864442,0
8212,864851,0
8213,865114,0
8214,865306,0
8215,865576,0
8216,866028,0
8217,866267,0
8218,866499,0
8219,866881,0
8220,867144,0
8221,867464,0
8222,867657,0
8223,867985,0
8224,868160,0
8225,868450,0
8226,868915,0
8227,869297,0
8228,869561,0
8229,869779,0
8230,869977,0
8231,870421,0
8232,870665,0
8233,870988,0
8234,871382,0
8235,871606,0
8236,871883,0
8237,872087,0
8238,872555,0
8239,872879,0
8240,873257,0
8241,873690,0
8242,873937,0
8243,874144,0
8244,874680,0
8245,875073,0
8246,875463,0
8247,875733,0
8248,876273,0
8249,877098,0
8250,877584,0
8251,878075,0
8252,878375,0
8253,878882,0
8254,879176,0
8255,879455,0
8256,879778,0
8257,879976,0
8258,880428,0
8259,880683,0
8260,880904,0
8261,881086,0
8262,881452,0
8263,881713,0
8264,881921,0
8265,882199,0
8266,882574,0
8267,882784,0
8268,883197,0
8269,883465,0
8270,884096,0
8271,884318,0
8272,884577,0
8273,885340,0
8274,885587,0
8275,885945,0
8276,886175,0
8277,886425,0
8278,886830,0
8279,887249,0
8280,887504,0
8281,887727,0
8282,888098,0
8283,888409,0
8284,888679,0
8285,888882,0
8286,889223,0
8287,889589,0
8288,889953,0
8289,890243,0
8290,890461,0
8291,890670,0
8292,890871,0
8293,891223,0
